shipment_id,order_date,origin,destination,distance_km,planned_days,actual_days,weight_kg,transport_cost_inr,fuel_cost_inr,vehicle_capacity_kg,vehicle_utilization_pct,tracking_available,damage_flag,warehouse_origin,transport_mode,shipment_weight_kg,delivery_time_days,transport_cost_usd,on_time_status
S1001,8/1/2026,Hyderabad,Mumbai,1040,3,4,154.8,1498.54,505.39,750,20.6,Yes,Yes,Hyderabad,Road,154.8,4,18.05,Delayed
S1002,8/2/2026,Pune,Delhi,692,2,2,52.8,1023.64,311.45,750,7.0,Yes,No,Pune,Rail,52.8,2,12.33,On Time
S1003,8/3/2026,Bengaluru,Bhopal,722,2,2,416.3,2180.45,658.28,750,55.5,Yes,No,Bengaluru,Air,416.3,2,26.27,On Time
S1004,8/4/2026,Pune,Bhopal,1108,3,3,395.0,2336.26,736.0,750,52.7,No,Yes,Pune,Road,395.0,3,28.15,On Time
S1005,8/5/2026,Pune,Delhi,1321,3,3,117.6,1515.45,540.85,750,15.7,Yes,No,Pune,Rail,117.6,3,18.26,On Time
S1006,8/6/2026,Mumbai,Hyderabad,582,2,2,297.7,1457.36,553.86,1000,29.8,,No,Mumbai,Road,297.7,2,17.56,On Time
S1007,8/7/2026,Bengaluru,Mumbai,846,3,3,368.1,2008.84,748.15,500,73.6,No,No,Bengaluru,Rail,368.1,3,24.2,On Time
S1008,8/8/2026,Bengaluru,Hyderabad,477,2,2,250.7,1512.76,482.86,1000,25.1,No,No,Bengaluru,Air,250.7,2,18.23,On Time
S1009,8/9/2026,Bengaluru,Mumbai,950,3,4,239.3,1753.95,725.58,750,31.9,No,No,Bengaluru,Road,239.3,4,21.13,Delayed
S1010,8/10/2026,Pune,Bhopal,874,3,5,110.3,1108.97,425.07,500,22.1,Yes,No,Pune,Rail,110.3,5,13.36,Delayed
S1011,8/11/2026,Hyderabad,Bhopal,472,2,3,43.7,764.62,273.44,750,5.8,Yes,No,Hyderabad,Road,43.7,3,9.21,Delayed
S1012,8/12/2026,Bengaluru,Bhopal,286,1,1,404.0,1803.54,659.45,500,80.8,Yes,No,Bengaluru,Rail,404.0,1,21.73,On Time
S1013,8/13/2026,Bhopal,Mumbai,1118,3,3,405.4,2279.72,772.24,1000,40.5,Yes,No,Bhopal,Air,405.4,3,27.47,On Time
S1014,8/14/2026,Pune,Hyderabad,971,3,3,285.6,1910.62,601.24,500,57.1,No,No,Pune,Road,285.6,3,23.02,On Time
S1015,8/15/2026,Mumbai,Bhopal,943,3,4,153.9,1456.72,480.48,500,30.8,Yes,No,Mumbai,Rail,153.9,4,17.55,Delayed
S1016,8/16/2026,Hyderabad,Pune,822,3,3,158.4,1236.22,477.3,500,31.7,Yes,No,Hyderabad,Road,158.4,3,14.89,On Time
S1017,8/17/2026,Bhopal,Mumbai,1344,3,4,327.2,2347.97,662.16,500,65.4,Yes,No,Bhopal,Rail,327.2,4,28.29,Delayed
S1018,8/18/2026,Bhopal,Mumbai,643,2,2,403.9,2092.02,619.76,500,80.8,Yes,Yes,Bhopal,Air,403.9,2,25.21,On Time
S1019,8/19/2026,Mumbai,Hyderabad,1100,3,3,,2483.05,711.25,750,53.3,Yes,No,Mumbai,Road,,3,29.92,On Time
S1020,8/20/2026,Hyderabad,Mumbai,175,1,2,351.4,1632.19,466.32,500,70.3,Yes,No,Hyderabad,Rail,351.4,2,19.66,Delayed
S1021,8/21/2026,Pune,Mumbai,564,2,4,289.6,1434.4,573.42,500,57.9,Yes,No,Pune,Road,289.6,4,17.28,Delayed
S1022,8/22/2026,Delhi,Bhopal,310,2,2,39.7,497.0,188.12,1000,4.0,No,Yes,Delhi,Rail,39.7,2,5.99,On Time
S1023,8/23/2026,Hyderabad,Pune,828,3,5,74.4,1170.88,405.57,500,14.9,Yes,No,Hyderabad,Air,74.4,5,14.11,Delayed
S1024,8/24/2026,Mumbai,Bhopal,1274,3,3,404.6,2561.87,752.41,1000,40.5,Yes,Yes,Mumbai,Road,404.6,3,30.87,On Time
S1025,8/25/2026,Bhopal,Bengaluru,620,2,2,273.7,1652.65,576.49,750,36.5,Yes,Yes,Bhopal,Rail,273.7,2,19.91,On Time
S1026,8/26/2026,Pune,Hyderabad,1139,3,3,6.1,1586.1,549.24,500,1.2,Yes,Yes,Pune,Road,6.1,3,19.11,On Time
S1027,8/27/2026,Hyderabad,Delhi,604,2,4,47.5,923.51,280.98,1000,4.8,Yes,No,Hyderabad,Rail,47.5,4,11.13,Delayed
S1028,8/28/2026,Delhi,Bhopal,1263,3,4,299.2,2290.96,780.62,1000,29.9,No,Yes,Delhi,Air,299.2,4,27.6,Delayed
S1029,8/29/2026,Delhi,Pune,1346,3,4,4.3,1387.74,465.99,750,0.6,Yes,Yes,Delhi,Road,4.3,4,16.72,Delayed
S1030,8/30/2026,Bengaluru,Pune,1189,3,3,74.0,1456.72,533.48,500,14.8,No,Yes,Bengaluru,Rail,74.0,3,17.55,On Time
S1031,8/31/2026,Bengaluru,Mumbai,657,2,2,247.8,1497.88,552.59,500,49.6,Yes,No,Bengaluru,Road,247.8,2,18.05,On Time
S1032,9/1/2026,Mumbai,Pune,761,2,3,312.0,1910.23,546.98,1000,31.2,Yes,Yes,Mumbai,Rail,312.0,3,23.01,Delayed
S1033,9/2/2026,Hyderabad,Mumbai,636,2,3,294.1,1575.38,523.73,500,58.8,Yes,No,Hyderabad,Air,294.1,3,18.98,Delayed
S1034,9/3/2026,Hyderabad,Delhi,1092,3,3,102.5,1368.58,503.12,1000,10.2,Yes,Yes,Hyderabad,Road,102.5,3,16.49,On Time
S1035,9/4/2026,Bhopal,Hyderabad,725,2,4,321.1,1763.03,617.83,500,64.2,Yes,Yes,Bhopal,Rail,321.1,4,21.24,Delayed
S1036,9/5/2026,Bhopal,Hyderabad,875,3,3,108.3,1262.63,504.94,1000,10.8,Yes,No,Bhopal,Road,108.3,3,15.21,On Time
S1037,9/6/2026,Bhopal,Hyderabad,1131,3,3,147.8,1848.97,688.22,500,29.6,Yes,Yes,Bhopal,Rail,147.8,3,22.28,On Time
S1038,9/7/2026,Bengaluru,Pune,1443,3,3,336.4,2184.66,661.54,750,44.9,Yes,No,Bengaluru,Air,336.4,3,26.32,On Time
S1039,9/8/2026,Hyderabad,Delhi,1434,3,3,293.0,2345.45,679.9,500,58.6,Yes,Yes,Hyderabad,Road,293.0,3,28.26,On Time
S1040,9/9/2026,Hyderabad,Pune,1334,3,4,382.5,2280.97,843.82,500,76.5,Yes,No,Hyderabad,Rail,382.5,4,27.48,Delayed
S1041,9/10/2026,Delhi,Pune,269,1,2,296.6,1344.24,381.38,750,39.5,Yes,Yes,Delhi,Road,296.6,2,16.2,Delayed
S1042,9/11/2026,Bengaluru,Delhi,1328,3,3,256.6,2197.79,795.62,500,51.3,Yes,Yes,Bengaluru,Rail,256.6,3,26.48,On Time
S1043,9/12/2026,Pune,Delhi,1386,3,3,44.0,1438.01,591.93,750,5.9,Yes,No,Pune,Air,44.0,3,17.33,On Time
S1044,9/13/2026,Bengaluru,Delhi,712,2,2,166.7,1188.11,428.39,500,33.3,Yes,No,Bengaluru,Road,166.7,2,14.31,On Time
S1045,9/14/2026,Pune,Delhi,707,2,2,120.8,1080.97,361.42,1000,12.1,Yes,Yes,Pune,Rail,120.8,2,13.02,On Time
S1046,9/15/2026,Delhi,Hyderabad,1052,3,3,111.3,1476.71,546.47,1000,11.1,Yes,Yes,Delhi,Road,111.3,3,17.79,On Time
S1047,9/16/2026,Mumbai,Bengaluru,1362,3,3,437.9,2585.14,889.69,500,87.6,Yes,No,Mumbai,Rail,437.9,3,31.15,On Time
S1048,9/17/2026,Hyderabad,Bengaluru,789,2,2,178.1,1437.65,512.36,500,35.6,Yes,No,Hyderabad,Air,178.1,2,17.32,On Time
S1049,9/18/2026,Delhi,Hyderabad,728,2,2,401.6,2086.59,859.27,500,80.3,Yes,No,Delhi,Road,401.6,2,25.14,On Time
S1050,9/19/2026,Hyderabad,Bengaluru,397,2,4,284.8,1380.92,461.3,1000,28.5,Yes,No,Hyderabad,Rail,284.8,4,16.64,Delayed
S1051,9/20/2026,Bhopal,Bengaluru,1328,3,3,358.1,2649.19,1098.27,500,71.6,Yes,No,Bhopal,Road,358.1,3,31.92,On Time
S1052,9/21/2026,Mumbai,Delhi,1337,3,3,227.2,2055.86,836.22,1000,22.7,Yes,No,Mumbai,Rail,227.2,3,24.77,On Time
S1053,9/22/2026,Mumbai,Bengaluru,763,2,4,260.5,1412.83,434.32,750,34.7,Yes,No,Mumbai,Air,260.5,4,17.02,Delayed
S1054,9/23/2026,Delhi,Pune,743,2,2,222.6,1541.94,446.72,1000,22.3,Yes,Yes,Delhi,Road,222.6,2,18.58,On Time
S1055,9/24/2026,Mumbai,Bhopal,1336,3,3,89.5,1458.99,429.1,1000,9.0,No,No,Mumbai,Rail,89.5,3,17.58,On Time
S1056,9/25/2026,Pune,Mumbai,1216,3,3,325.7,2306.53,651.71,750,43.4,Yes,Yes,Pune,Road,325.7,3,27.79,On Time
S1057,9/26/2026,Mumbai,Delhi,521,2,4,127.8,954.61,279.91,1000,12.8,Yes,Yes,Mumbai,Rail,127.8,4,11.5,Delayed
S1058,9/27/2026,Hyderabad,Bengaluru,643,2,2,12.9,759.76,285.38,500,2.6,Yes,No,Hyderabad,Air,12.9,2,9.15,On Time
S1059,9/28/2026,Hyderabad,Delhi,1371,3,3,291.2,2270.69,658.42,500,58.2,No,No,Hyderabad,Road,291.2,3,27.36,On Time
S1060,9/29/2026,Hyderabad,Bengaluru,1216,3,3,81.3,1526.05,495.44,1000,8.1,No,No,Hyderabad,Rail,81.3,3,18.39,On Time
